,revisions
2003-11-16,2
2003-11-17,2
2003-11-28,1
2004-02-02,1
2004-02-14,1
2004-04-23,1
2004-06-01,1
2004-07-23,1
2004-07-27,1
2004-08-15,1
2005-02-21,1
2005-03-23,2
2005-04-15,1
2005-07-22,2
2005-10-14,1
2005-11-28,1
2005-12-16,1
2006-01-02,1
2006-01-13,1
2006-02-24,3
2006-04-05,1
2006-04-09,3
2006-05-02,1
2006-05-10,1
2006-05-25,1
2006-06-13,1
2006-07-01,1
2006-07-03,1
2006-08-22,3
2006-08-25,1
2006-08-29,1
2006-10-09,1
2006-10-21,1
2006-12-31,1
2007-01-02,6
2007-03-07,1
2007-03-20,1
2007-04-13,2
2007-06-17,1
2007-06-18,2
2007-07-15,1
2007-08-18,1
2007-09-08,1
2007-09-24,1
2007-09-27,1
2007-10-12,1
2007-10-16,2
2007-10-19,1
2007-10-22,1
2007-11-19,1
2008-01-01,1
2008-01-11,1
2008-01-16,1
2008-02-29,2
2008-03-06,1
2008-05-25,4
2008-06-12,1
2008-06-25,2
2008-08-13,1
2008-08-15,5
2008-08-16,1
2008-08-28,2
2008-10-05,1
2008-10-17,1
2008-10-22,1
2008-10-31,1
2008-12-15,1
2009-01-16,1
2009-01-19,8
2009-01-29,1
2009-02-09,2
2009-03-13,1
2009-04-04,1
2009-05-04,7
2009-06-18,3
2009-07-03,7
2009-07-09,1
2009-07-15,11
2009-07-16,14
2009-07-17,1
2009-07-18,6
2009-07-22,2
2009-08-02,1
2009-08-07,2
2009-08-10,3
2009-08-15,2
2009-09-10,1
2009-09-25,1
2009-11-13,2
2009-12-25,1
2010-01-05,1
2010-01-06,1
2010-03-05,1
2010-04-26,1
2010-05-09,1
2010-05-18,1
2010-06-06,2
2010-07-30,1
2010-08-10,1
2010-12-30,1
2011-01-03,1
2011-01-09,2
2011-02-10,1
2011-02-14,1
2011-02-18,1
2011-02-25,2
2011-02-27,1
2011-03-09,1
2011-04-08,1
2011-07-07,1
2011-08-07,1
2011-08-31,1
2011-09-09,1
2011-09-26,2
2011-10-01,1
2011-10-14,4
2011-11-16,1
2012-02-09,1
2012-03-13,1
2012-03-15,2
2012-04-29,1
2012-05-11,1
2012-07-11,2
2012-07-27,1
2012-08-04,1
2012-09-26,1
2013-02-26,1
2013-04-10,2
2013-04-15,2
2013-05-11,1
2013-05-16,2
2013-05-19,1
2013-05-27,1
2013-06-28,1
2013-08-08,1
2013-08-22,1
2013-11-07,1
2014-02-05,5
2014-02-06,7
2014-04-16,1
2014-06-02,1
2014-07-07,2
2014-07-14,1
2014-07-24,2
2014-07-25,1
2014-08-10,3
2014-08-11,3
2014-08-13,1
2014-08-22,2
2014-09-05,1
2014-09-09,1
2014-09-29,1
2014-10-20,1
2014-12-03,1
2014-12-15,1
2014-12-31,1
2015-01-17,1
2015-01-25,2
2015-02-16,3
2015-02-17,5
2015-03-13,1
2015-03-17,1
2015-04-16,1
